,file,protein,mutations,n_mutations,accessions,location,Collection_Date
100,BLAST_71.xml,cds-YP_009724390.1; gene-GU280_gp02; Genbank:YP_009724390.1; YP_009724390.1; structural protein; spike protein; CDS; S; GU280_gp02; surface glycoprotein; YP_009724390.1,"[['D', 614, 'G']]",1,MT503006,Thailand,1/20
409,BLAST_168.xml,cds-YP_009724390.1; gene-GU280_gp02; Genbank:YP_009724390.1; YP_009724390.1; structural protein; spike protein; CDS; S; GU280_gp02; surface glycoprotein; YP_009724390.1,"[['V', 130, 'A'], ['F', 194, 'Y'], ['N', 196, 'D'], ['Y', 204, 'S'], ['K', 206, 'N'], ['N', 211, 'H'], ['L', 216, 'H'], ['N', 234, 'S'], ['D', 614, 'G'], ['R', 1019, 'K'], ['Q', 1180, 'L']]",11,MW040523,Iran,3/20
104,BLAST_65.xml,cds-YP_009724390.1; gene-GU280_gp02; Genbank:YP_009724390.1; YP_009724390.1; structural protein; spike protein; CDS; S; GU280_gp02; surface glycoprotein; YP_009724390.1,"[['D', 614, 'G']]",1,MT502995,Thailand,3/20
147,BLAST_72.xml,cds-YP_009724390.1; gene-GU280_gp02; Genbank:YP_009724390.1; YP_009724390.1; structural protein; spike protein; CDS; S; GU280_gp02; surface glycoprotein; YP_009724390.1,"[['D', 614, 'G']]",1,MT503009,Thailand,3/20
161,BLAST_199.xml,cds-YP_009724390.1; gene-GU280_gp02; Genbank:YP_009724390.1; YP_009724390.1; structural protein; spike protein; CDS; S; GU280_gp02; surface glycoprotein; YP_009724390.1,"[['D', 614, 'G']]",1,MW512913,Gabon,3/20
196,BLAST_198.xml,cds-YP_009724390.1; gene-GU280_gp02; Genbank:YP_009724390.1; YP_009724390.1; structural protein; spike protein; CDS; S; GU280_gp02; surface glycoprotein; YP_009724390.1,"[['D', 614, 'G'], ['E', 1207, 'D']]",2,MW512911,Gabon,3/20
31,BLAST_77.xml,cds-YP_009724390.1; gene-GU280_gp02; Genbank:YP_009724390.1; YP_009724390.1; structural protein; spike protein; CDS; S; GU280_gp02; surface glycoprotein; YP_009724390.1,"[['D', 614, 'G']]",1,MT503016,Thailand,4/20
437,BLAST_19.xml,cds-YP_009724390.1; gene-GU280_gp02; Genbank:YP_009724390.1; YP_009724390.1; structural protein; spike protein; CDS; S; GU280_gp02; surface glycoprotein; YP_009724390.1,"[['D', 614, 'G']]",1,MT359231,Serbia,4/20
406,BLAST_27.xml,cds-YP_009724390.1; gene-GU280_gp02; Genbank:YP_009724390.1; YP_009724390.1; structural protein; spike protein; CDS; S; GU280_gp02; surface glycoprotein; YP_009724390.1,"[['D', 614, 'G']]",1,MT434818,Serbia,4/20
376,BLAST_179.xml,cds-YP_009724390.1; gene-GU280_gp02; Genbank:YP_009724390.1; YP_009724390.1; structural protein; spike protein; CDS; S; GU280_gp02; surface glycoprotein; YP_009724390.1,"[['D', 614, 'G']]",1,MW368453,"China: Hebei, Shijiazhuang",4/20
346,BLAST_178.xml,cds-YP_009724390.1; gene-GU280_gp02; Genbank:YP_009724390.1; YP_009724390.1; structural protein; spike protein; CDS; S; GU280_gp02; surface glycoprotein; YP_009724390.1,"[['D', 614, 'G']]",1,MW368452,"China: Hebei, Shijiazhuang",4/20
301,BLAST_162.xml,cds-YP_009724390.1; gene-GU280_gp02; Genbank:YP_009724390.1; YP_009724390.1; structural protein; spike protein; CDS; S; GU280_gp02; surface glycoprotein; YP_009724390.1,"[['Q', 14, 'H'], ['K', 529, 'N'], ['S', 530, 'F'], ['T', 531, 'N'], ['C', 538, 'S'], ['V', 539, 'F'], ['S', 555, 'F'], ['I', 569, 'N'], ['A', 570, 'G'], ['D', 614, 'G'], ['C', 851, 'W'], ['L', 865, 'F'], ['S', 875, 'F'], ['A', 899, 'G'], ['A', 903, 'G']]",15,MW040511,Iran,4/20
287,BLAST_200.xml,cds-YP_009724390.1; gene-GU280_gp02; Genbank:YP_009724390.1; YP_009724390.1; structural protein; spike protein; CDS; S; GU280_gp02; surface glycoprotein; YP_009724390.1,"[['D', 614, 'G']]",1,MW512915,Gabon,4/20
274,BLAST_177.xml,cds-YP_009724390.1; gene-GU280_gp02; Genbank:YP_009724390.1; YP_009724390.1; structural protein; spike protein; CDS; S; GU280_gp02; surface glycoprotein; YP_009724390.1,"[['D', 614, 'G']]",1,MW368451,"China: Hebei, Shijiazhuang",4/20
226,BLAST_164.xml,cds-YP_009724390.1; gene-GU280_gp02; Genbank:YP_009724390.1; YP_009724390.1; structural protein; spike protein; CDS; S; GU280_gp02; surface glycoprotein; YP_009724390.1,"[['V', 127, 'F'], ['D', 614, 'G'], ['T', 791, 'I'], ['L', 916, 'F'], ['N', 928, 'D']]",5,MW040514,Iran,4/20
229,BLAST_170.xml,cds-YP_009724390.1; gene-GU280_gp02; Genbank:YP_009724390.1; YP_009724390.1; structural protein; spike protein; CDS; S; GU280_gp02; surface glycoprotein; YP_009724390.1,"[['K', 187, 'Q'], ['H', 207, 'L'], ['T', 208, 'S'], ['Y', 380, 'N'], ['N', 448, 'K'], ['D', 614, 'G'], ['I', 794, 'F'], ['S', 803, 'P'], ['I', 805, 'F'], ['L', 806, 'F'], ['D', 843, 'G'], ['P', 863, 'H'], ['E', 1150, 'K']]",13,MW040525,Iran,4/20
473,BLAST_180.xml,cds-YP_009724390.1; gene-GU280_gp02; Genbank:YP_009724390.1; YP_009724390.1; structural protein; spike protein; CDS; S; GU280_gp02; surface glycoprotein; YP_009724390.1,"[['D', 614, 'G']]",1,MW368454,"China: Hebei, Shijiazhuang",4/20
202,BLAST_171.xml,cds-YP_009724390.1; gene-GU280_gp02; Genbank:YP_009724390.1; YP_009724390.1; structural protein; spike protein; CDS; S; GU280_gp02; surface glycoprotein; YP_009724390.1,"[['Q', 173, 'H'], ['T', 307, 'P'], ['D', 614, 'G'], ['Q', 675, 'H'], ['R', 682, 'G'], ['S', 686, 'T'], ['A', 688, 'T'], ['S', 689, 'G'], ['A', 694, 'V'], ['Y', 695, 'D'], ['T', 696, 'A'], ['M', 697, 'K'], ['G', 700, 'V'], ['V', 705, 'I'], ['Y', 707, 'N'], ['S', 708, 'A'], ['N', 709, 'K'], ['N', 710, 'T'], ['P', 715, 'T'], ['N', 717, 'V'], ['I', 720, 'K'], ['S', 721, 'I'], ['L', 727, 'I'], ['V', 729, 'M'], ['T', 732, 'N'], ['Y', 741, 'S'], ['T', 747, 'P'], ['Q', 755, 'R'], ['Q', 762, 'L'], ['L', 767, 'V'], ['T', 778, 'A'], ['Q', 784, 'H'], ['Q', 787, 'P'], ['T', 791, 'A'], ['I', 794, 'V'], ['G', 798, 'A'], ['F', 802, 'S'], ['K', 811, 'S'], ['I', 834, 'D'], ['G', 838, 'D'], ['L', 841, 'P']]",41,MW040527,Iran,4/20
54,BLAST_75.xml,cds-YP_009724390.1; gene-GU280_gp02; Genbank:YP_009724390.1; YP_009724390.1; structural protein; spike protein; CDS; S; GU280_gp02; surface glycoprotein; YP_009724390.1,"[['D', 614, 'G']]",1,MT503013,Thailand,4/20
35,BLAST_110.xml,cds-YP_009724390.1; gene-GU280_gp02; Genbank:YP_009724390.1; YP_009724390.1; structural protein; spike protein; CDS; S; GU280_gp02; surface glycoprotein; YP_009724390.1,"[['G', 496, 'D'], ['D', 614, 'G']]",2,MT724344,USA,4/20
199,BLAST_159.xml,cds-YP_009724390.1; gene-GU280_gp02; Genbank:YP_009724390.1; YP_009724390.1; structural protein; spike protein; CDS; S; GU280_gp02; surface glycoprotein; YP_009724390.1,"[['D', 614, 'G']]",1,MW040501,Venezuela,5/20
239,BLAST_160.xml,cds-YP_009724390.1; gene-GU280_gp02; Genbank:YP_009724390.1; YP_009724390.1; structural protein; spike protein; CDS; S; GU280_gp02; surface glycoprotein; YP_009724390.1,"[['W', 436, 'R'], ['Y', 449, 'D'], ['D', 614, 'G']]",3,MW040502,Venezuela,5/20
483,BLAST_130.xml,cds-YP_009724390.1; gene-GU280_gp02; Genbank:YP_009724390.1; YP_009724390.1; structural protein; spike protein; CDS; S; GU280_gp02; surface glycoprotein; YP_009724390.1,"[['D', 614, 'G']]",1,MT875590,"Iraq: Kuedistan region, Erbil",5/20
74,BLAST_107.xml,cds-YP_009724390.1; gene-GU280_gp02; Genbank:YP_009724390.1; YP_009724390.1; structural protein; spike protein; CDS; S; GU280_gp02; surface glycoprotein; YP_009724390.1,"[['D', 614, 'G']]",1,MT676411,Bangladesh,6/20
